window_start,site,Chem,conc
1988-01-05,b1,k_mgl,0.7875
1988-01-05,b1,mg_mgl,2.188125
1988-01-05,b1,no3,154.375
1988-01-05,b1,Ca,3.449375
1988-01-05,b1,NH4,27.375
1988-03-08,b1,k_mgl,0.9238888888888889
1988-03-08,b1,mg_mgl,1.9616666666666667
1988-03-08,b1,no3,203.88888888888889
1988-03-08,b1,Ca,3.085
1988-03-08,b1,NH4,24.055555555555557
1988-05-10,b1,k_mgl,0.8811111111111111
1988-05-10,b1,mg_mgl,2.0336363636363637
1988-05-10,b1,no3,157.5
1988-05-10,b1,Ca,2.9850000000000003
1988-05-10,b1,NH4,90.625
1988-07-12,b1,k_mgl,0.7628571428571429
1988-07-12,b1,mg_mgl,1.9221428571428572
1988-07-12,b1,no3,79.125
1988-07-12,b1,Ca,2.545
1988-07-12,b1,NH4,15.5
1988-09-13,b1,k_mgl,0.8144444444444444
1988-09-13,b1,mg_mgl,2.4655555555555555
1988-09-13,b1,no3,139.5
1988-09-13,b1,Ca,3.7266666666666666
1988-09-13,b1,NH4,50.25
1988-11-15,b1,k_mgl,0.859
1988-11-15,b1,mg_mgl,2.408
1988-11-15,b1,no3,137.66666666666666
1988-11-15,b1,Ca,4.182222222222222
1988-11-15,b1,NH4,NA
1989-01-17,b1,k_mgl,0.897
1989-01-17,b1,mg_mgl,2.793
1989-01-17,b1,no3,131.9
1989-01-17,b1,Ca,4.269
1989-01-17,b1,NH4,NA
1989-03-21,b1,k_mgl,0.855
1989-03-21,b1,mg_mgl,2.754
1989-03-21,b1,no3,141.9
1989-03-21,b1,Ca,4.481
1989-03-21,b1,NH4,NA
1989-05-23,b1,k_mgl,0.9477777777777777
1989-05-23,b1,mg_mgl,2.901111111111111
1989-05-23,b1,no3,123
1989-05-23,b1,Ca,4.5344444444444445
1989-05-23,b1,NH4,NA
1989-07-25,b1,k_mgl,0.990909090909091
1989-07-25,b1,mg_mgl,2.638181818181818
1989-07-25,b1,no3,88.375
1989-07-25,b1,Ca,4.019090909090909
1989-07-25,b1,NH4,NA
1989-09-26,b1,k_mgl,1.2907692307692307
1989-09-26,b1,mg_mgl,3.03
1989-09-26,b1,no3,386.875
1989-09-26,b1,Ca,4.336666666666667
1989-09-26,b1,NH4,NA
1989-11-28,b1,k_mgl,1.134
1989-11-28,b1,mg_mgl,3.231
1989-11-28,b1,no3,89.88888888888889
1989-11-28,b1,Ca,5.872
1989-11-28,b1,NH4,NA
1990-01-30,b1,k_mgl,1.214
1990-01-30,b1,mg_mgl,3.176
1990-01-30,b1,no3,211.375
1990-01-30,b1,Ca,5.545999999999999
1990-01-30,b1,NH4,NA
1990-04-03,b1,k_mgl,1.3493333333333333
1990-04-03,b1,mg_mgl,2.5846666666666667
1990-04-03,b1,no3,418.85714285714283
1990-04-03,b1,Ca,4.375333333333334
1990-04-03,b1,NH4,NA
1990-06-05,b1,k_mgl,1.129
1990-06-05,b1,mg_mgl,3.275
1990-06-05,b1,no3,134.3
1990-06-05,b1,Ca,5.583
1990-06-05,b1,NH4,NA
1990-08-07,b1,k_mgl,0.894
1990-08-07,b1,mg_mgl,3.25
1990-08-07,b1,no3,76.14285714285714
1990-08-07,b1,Ca,5.822
1990-08-07,b1,NH4,NA
1990-10-09,b1,k_mgl,0.9863636363636363
1990-10-09,b1,mg_mgl,2.87
1990-10-09,b1,no3,99.27272727272728
1990-10-09,b1,Ca,4.701818181818182
1990-10-09,b1,NH4,NA
1990-12-11,b1,k_mgl,0.9663636363636364
1990-12-11,b1,mg_mgl,3.040909090909091
1990-12-11,b1,no3,141.22222222222223
1990-12-11,b1,Ca,5.3963636363636365
1990-12-11,b1,NH4,NA
1991-02-12,b1,k_mgl,0.8210000000000001
1991-02-12,b1,mg_mgl,3.145
1991-02-12,b1,no3,65.9
1991-02-12,b1,Ca,5.656
1991-02-12,b1,NH4,NA
1991-04-16,b1,k_mgl,0.92
1991-04-16,b1,mg_mgl,2.9539999999999997
1991-04-16,b1,no3,47.33333333333333
1991-04-16,b1,Ca,5.187
1991-04-16,b1,NH4,NA
1991-06-18,b1,k_mgl,0.767
1991-06-18,b1,mg_mgl,3.4699999999999998
1991-06-18,b1,no3,30.5
1991-06-18,b1,Ca,5.767
1991-06-18,b1,NH4,NA
1991-08-20,b1,k_mgl,1.1309090909090909
1991-08-20,b1,mg_mgl,3.6227272727272726
1991-08-20,b1,no3,64.45454545454545
1991-08-20,b1,Ca,5.783636363636363
1991-08-20,b1,NH4,NA
1991-10-22,b1,k_mgl,1.1407692307692308
1991-10-22,b1,mg_mgl,2.716153846153846
1991-10-22,b1,no3,121.6923076923077
1991-10-22,b1,Ca,4.274615384615385
1991-10-22,b1,NH4,NA
1991-12-24,b1,k_mgl,1.215
1991-12-24,b1,mg_mgl,3.043
1991-12-24,b1,no3,181.66666666666666
1991-12-24,b1,Ca,5.0489999999999995
1991-12-24,b1,NH4,NA
1992-02-25,b1,k_mgl,1.044
1992-02-25,b1,mg_mgl,3.458
1992-02-25,b1,no3,74.22222222222223
1992-02-25,b1,Ca,6.102
1992-02-25,b1,NH4,NA
1992-04-28,b1,k_mgl,1.043
1992-04-28,b1,mg_mgl,2.658
1992-04-28,b1,no3,54.22222222222222
1992-04-28,b1,Ca,4.422
1992-04-28,b1,NH4,NA
1992-06-30,b1,k_mgl,1.1320000000000001
1992-06-30,b1,mg_mgl,3.298
1992-06-30,b1,no3,126.11111111111111
1992-06-30,b1,Ca,5.697
1992-06-30,b1,NH4,NA
1992-09-01,b1,k_mgl,1.063
1992-09-01,b1,mg_mgl,3.474
1992-09-01,b1,no3,60.5
1992-09-01,b1,Ca,6.127
1992-09-01,b1,NH4,NA
1992-11-03,b1,k_mgl,1.01
1992-11-03,b1,mg_mgl,2.6710000000000003
1992-11-03,b1,no3,33
1992-11-03,b1,Ca,4.8
1992-11-03,b1,NH4,NA
1993-01-05,b1,k_mgl,1.131
1993-01-05,b1,mg_mgl,3.2439999999999998
1993-01-05,b1,no3,107
1993-01-05,b1,Ca,5.162
1993-01-05,b1,NH4,NA
1993-03-09,b1,k_mgl,1.165
1993-03-09,b1,mg_mgl,3.572
1993-03-09,b1,no3,124.6
1993-03-09,b1,Ca,5.617
1993-03-09,b1,NH4,NA
1993-05-11,b1,k_mgl,1.1480000000000001
1993-05-11,b1,mg_mgl,3.211
1993-05-11,b1,no3,28.333333333333332
1993-05-11,b1,Ca,5.574
1993-05-11,b1,NH4,NA
1993-07-13,b1,k_mgl,1.052
1993-07-13,b1,mg_mgl,3.178
1993-07-13,b1,no3,38.66666666666667
1993-07-13,b1,Ca,5.7219999999999995
1993-07-13,b1,NH4,NA
1993-09-14,b1,k_mgl,1.159
1993-09-14,b1,mg_mgl,3.2720000000000002
1993-09-14,b1,no3,26.100000000000005
1993-09-14,b1,Ca,5.811
1993-09-14,b1,NH4,NA
1993-11-16,b1,k_mgl,1.147
1993-11-16,b1,mg_mgl,3.01
1993-11-16,b1,no3,22.166666666666668
1993-11-16,b1,Ca,5.631
1993-11-16,b1,NH4,NA
1994-01-18,b1,k_mgl,1.012
1994-01-18,b1,mg_mgl,3.003
1994-01-18,b1,no3,13.5
1994-01-18,b1,Ca,5.396
1994-01-18,b1,NH4,NA
1994-03-22,b1,k_mgl,1.06
1994-03-22,b1,mg_mgl,3.357
1994-03-22,b1,no3,58.857142857142854
1994-03-22,b1,Ca,6.188
1994-03-22,b1,NH4,NA
1994-05-24,b1,k_mgl,1.1954545454545453
1994-05-24,b1,mg_mgl,3.81
1994-05-24,b1,no3,51.22222222222222
1994-05-24,b1,Ca,6.734545454545454
1994-05-24,b1,NH4,NA
1994-07-26,b1,k_mgl,1.202
1994-07-26,b1,mg_mgl,3.398
1994-07-26,b1,no3,NA
1994-07-26,b1,Ca,6.059
1994-07-26,b1,NH4,NA
1994-09-27,b1,k_mgl,1.109
1994-09-27,b1,mg_mgl,3.167
1994-09-27,b1,no3,NA
1994-09-27,b1,Ca,5.869
1994-09-27,b1,NH4,NA
1994-11-29,b1,k_mgl,NA
1994-11-29,b1,mg_mgl,NA
1994-11-29,b1,no3,NA
1994-11-29,b1,Ca,NA
1994-11-29,b1,NH4,NA
1988-01-05,b2,k_mgl,0.858421052631579
1988-01-05,b2,mg_mgl,2.1336842105263156
1988-01-05,b2,no3,237.41176470588235
1988-01-05,b2,Ca,4.441578947368421
1988-01-05,b2,NH4,18.94736842105263
1988-03-08,b2,k_mgl,0.8263636363636364
1988-03-08,b2,mg_mgl,2.2190909090909092
1988-03-08,b2,no3,209.8181818181818
1988-03-08,b2,Ca,4.092727272727273
1988-03-08,b2,NH4,31.333333333333336
1988-05-10,b2,k_mgl,0.7890909090909091
1988-05-10,b2,mg_mgl,2.1618181818181816
1988-05-10,b2,no3,239.33333333333334
1988-05-10,b2,Ca,3.672727272727273
1988-05-10,b2,NH4,74.42857142857143
1988-07-12,b2,k_mgl,0.78125
1988-07-12,b2,mg_mgl,2.045
1988-07-12,b2,no3,187.14285714285714
1988-07-12,b2,Ca,3.49625
1988-07-12,b2,NH4,14
1988-09-13,b2,k_mgl,0.7766666666666666
1988-09-13,b2,mg_mgl,2.36625
1988-09-13,b2,no3,207.11111111111111
1988-09-13,b2,Ca,4.60375
1988-09-13,b2,NH4,47
1988-11-15,b2,k_mgl,0.885
1988-11-15,b2,mg_mgl,2.381
1988-11-15,b2,no3,212.5
1988-11-15,b2,Ca,4.138
1988-11-15,b2,NH4,NA
1989-01-17,b2,k_mgl,0.897
1989-01-17,b2,mg_mgl,2.825
1989-01-17,b2,no3,232.45454545454547
1989-01-17,b2,Ca,4.599
1989-01-17,b2,NH4,NA
1989-03-21,b2,k_mgl,0.874
1989-03-21,b2,mg_mgl,2.863
1989-03-21,b2,no3,188.1
1989-03-21,b2,Ca,4.462
1989-03-21,b2,NH4,NA
1989-05-23,b2,k_mgl,0.9522222222222222
1989-05-23,b2,mg_mgl,2.5166666666666666
1989-05-23,b2,no3,166.66666666666666
1989-05-23,b2,Ca,4.615555555555556
1989-05-23,b2,NH4,NA
1989-07-25,b2,k_mgl,1.0836363636363637
1989-07-25,b2,mg_mgl,2.5745454545454547
1989-07-25,b2,no3,139.11111111111111
1989-07-25,b2,Ca,4.954545454545455
1989-07-25,b2,NH4,NA
1989-09-26,b2,k_mgl,1.4230769230769231
1989-09-26,b2,mg_mgl,2.9908333333333332
1989-09-26,b2,no3,406.2
1989-09-26,b2,Ca,5.581666666666667
1989-09-26,b2,NH4,NA
1989-11-28,b2,k_mgl,1.209
1989-11-28,b2,mg_mgl,3.1109999999999998
1989-11-28,b2,no3,214.11111111111111
1989-11-28,b2,Ca,6.618
1989-11-28,b2,NH4,NA
1990-01-30,b2,k_mgl,1.317
1990-01-30,b2,mg_mgl,3.08
1990-01-30,b2,no3,188
1990-01-30,b2,Ca,6.578
1990-01-30,b2,NH4,NA
1990-04-03,b2,k_mgl,1.354
1990-04-03,b2,mg_mgl,2.542
1990-04-03,b2,no3,443.7142857142857
1990-04-03,b2,Ca,5.3053333333333335
1990-04-03,b2,NH4,NA
1990-06-05,b2,k_mgl,1.111
1990-06-05,b2,mg_mgl,3.2560000000000002
1990-06-05,b2,no3,220.2
1990-06-05,b2,Ca,6.919
1990-06-05,b2,NH4,NA
1990-08-07,b2,k_mgl,0.9299999999999999
1990-08-07,b2,mg_mgl,3.183
1990-08-07,b2,no3,119.09999999999998
1990-08-07,b2,Ca,7.122
1990-08-07,b2,NH4,NA
1990-10-09,b2,k_mgl,0.889090909090909
1990-10-09,b2,mg_mgl,2.7654545454545456
1990-10-09,b2,no3,150.36363636363637
1990-10-09,b2,Ca,5.922727272727273
1990-10-09,b2,NH4,NA
1990-12-11,b2,k_mgl,0.9881818181818182
1990-12-11,b2,mg_mgl,3.1081818181818184
1990-12-11,b2,no3,170.2
1990-12-11,b2,Ca,6.84
1990-12-11,b2,NH4,NA
1991-02-12,b2,k_mgl,0.843
1991-02-12,b2,mg_mgl,2.938
1991-02-12,b2,no3,138.11111111111111
1991-02-12,b2,Ca,6.742
1991-02-12,b2,NH4,NA
1991-04-16,b2,k_mgl,1.014
1991-04-16,b2,mg_mgl,2.854
1991-04-16,b2,no3,41.33333333333333
1991-04-16,b2,Ca,3.777
1991-04-16,b2,NH4,NA
1991-06-18,b2,k_mgl,0.986
1991-06-18,b2,mg_mgl,3.275
1991-06-18,b2,no3,73.11111111111111
1991-06-18,b2,Ca,5.548
1991-06-18,b2,NH4,NA
1991-08-20,b2,k_mgl,1.3936363636363636
1991-08-20,b2,mg_mgl,2.9836363636363634
1991-08-20,b2,no3,90.81818181818181
1991-08-20,b2,Ca,5.913636363636363
1991-08-20,b2,NH4,NA
1991-10-22,b2,k_mgl,1.273076923076923
1991-10-22,b2,mg_mgl,2.7115384615384617
1991-10-22,b2,no3,226.69230769230768
1991-10-22,b2,Ca,4.760769230769231
1991-10-22,b2,NH4,NA
1991-12-24,b2,k_mgl,1.29
1991-12-24,b2,mg_mgl,2.96
1991-12-24,b2,no3,276.2
1991-12-24,b2,Ca,6.0040000000000004
1991-12-24,b2,NH4,NA
1992-02-25,b2,k_mgl,1.126
1992-02-25,b2,mg_mgl,3.118
1992-02-25,b2,no3,81.33333333333334
1992-02-25,b2,Ca,5.899
1992-02-25,b2,NH4,NA
1992-04-28,b2,k_mgl,1.2510000000000001
1992-04-28,b2,mg_mgl,2.614
1992-04-28,b2,no3,114.22222222222223
1992-04-28,b2,Ca,5.4959999999999996
1992-04-28,b2,NH4,NA
1992-06-30,b2,k_mgl,1.246
1992-06-30,b2,mg_mgl,3.35
1992-06-30,b2,no3,98.4
1992-06-30,b2,Ca,7.008
1992-06-30,b2,NH4,NA
1992-09-01,b2,k_mgl,1.269
1992-09-01,b2,mg_mgl,3.128
1992-09-01,b2,no3,47.33333333333333
1992-09-01,b2,Ca,6.579
1992-09-01,b2,NH4,NA
1992-11-03,b2,k_mgl,1.2369999999999999
1992-11-03,b2,mg_mgl,2.716
1992-11-03,b2,no3,66.28571428571429
1992-11-03,b2,Ca,5.866
1992-11-03,b2,NH4,NA
1993-01-05,b2,k_mgl,1.2369999999999999
1993-01-05,b2,mg_mgl,3.174
1993-01-05,b2,no3,177.5
1993-01-05,b2,Ca,6.477
1993-01-05,b2,NH4,NA
1993-03-09,b2,k_mgl,1.313
1993-03-09,b2,mg_mgl,3.152
1993-03-09,b2,no3,127.5
1993-03-09,b2,Ca,6.146
1993-03-09,b2,NH4,NA
1993-05-11,b2,k_mgl,1.456
1993-05-11,b2,mg_mgl,2.943
1993-05-11,b2,no3,72.75
1993-05-11,b2,Ca,6.145
1993-05-11,b2,NH4,NA
1993-07-13,b2,k_mgl,1.4100000000000001
1993-07-13,b2,mg_mgl,3.025
1993-07-13,b2,no3,51.4
1993-07-13,b2,Ca,7.048
1993-07-13,b2,NH4,NA
1993-09-14,b2,k_mgl,1.354
1993-09-14,b2,mg_mgl,2.844
1993-09-14,b2,no3,68.3
1993-09-14,b2,Ca,6.365
1993-09-14,b2,NH4,NA
1993-11-16,b2,k_mgl,1.399
1993-11-16,b2,mg_mgl,2.648
1993-11-16,b2,no3,56.66666666666667
1993-11-16,b2,Ca,6.312
1993-11-16,b2,NH4,NA
1994-01-18,b2,k_mgl,1.349
1994-01-18,b2,mg_mgl,2.865
1994-01-18,b2,no3,12.333333333333334
1994-01-18,b2,Ca,6.063
1994-01-18,b2,NH4,NA
1994-03-22,b2,k_mgl,1.273
1994-03-22,b2,mg_mgl,3.058
1994-03-22,b2,no3,28.428571428571427
1994-03-22,b2,Ca,6.77
1994-03-22,b2,NH4,NA
1994-05-24,b2,k_mgl,1.46125
1994-05-24,b2,mg_mgl,3.11875
1994-05-24,b2,no3,87.625
1994-05-24,b2,Ca,6.51
1994-05-24,b2,NH4,NA
1994-07-26,b2,k_mgl,0.9500000000000001
1994-07-26,b2,mg_mgl,1.9333333333333331
1994-07-26,b2,no3,NA
1994-07-26,b2,Ca,3.913333333333333
1994-07-26,b2,NH4,NA
1994-09-27,b2,k_mgl,1.212
1994-09-27,b2,mg_mgl,2.166
1994-09-27,b2,no3,NA
1994-09-27,b2,Ca,4.572
1994-09-27,b2,NH4,NA
1994-11-29,b2,k_mgl,NA
1994-11-29,b2,mg_mgl,NA
1994-11-29,b2,no3,NA
1994-11-29,b2,Ca,NA
1994-11-29,b2,NH4,NA
1988-01-05,b3,k_mgl,0.7175
1988-01-05,b3,mg_mgl,2.58375
1988-01-05,b3,no3,167.23529411764707
1988-01-05,b3,Ca,3.3775
1988-01-05,b3,NH4,33.111111111111114
1988-03-08,b3,k_mgl,0.59
1988-03-08,b3,mg_mgl,2.571818181818182
1988-03-08,b3,no3,205.1818181818182
1988-03-08,b3,Ca,3.4127272727272726
1988-03-08,b3,NH4,28.81818181818182
1988-05-10,b3,k_mgl,0.6863636363636364
1988-05-10,b3,mg_mgl,2.3781818181818184
1988-05-10,b3,no3,196
1988-05-10,b3,Ca,2.6436363636363636
1988-05-10,b3,NH4,59.57142857142857
1988-07-12,b3,k_mgl,0.6253333333333333
1988-07-12,b3,mg_mgl,2.2439999999999998
1988-07-12,b3,no3,135.5
1988-07-12,b3,Ca,2.7146666666666666
1988-07-12,b3,NH4,25.166666666666668
1988-09-13,b3,k_mgl,0.6366666666666666
1988-09-13,b3,mg_mgl,2.5055555555555555
1988-09-13,b3,no3,167.55555555555554
1988-09-13,b3,Ca,3.3644444444444446
1988-09-13,b3,NH4,41.75
1988-11-15,b3,k_mgl,0.741
1988-11-15,b3,mg_mgl,2.666
1988-11-15,b3,no3,173.2
1988-11-15,b3,Ca,3.8166666666666664
1988-11-15,b3,NH4,NA
1989-01-17,b3,k_mgl,0.762
1989-01-17,b3,mg_mgl,2.807
1989-01-17,b3,no3,164.6
1989-01-17,b3,Ca,3.762
1989-01-17,b3,NH4,NA
1989-03-21,b3,k_mgl,0.731
1989-03-21,b3,mg_mgl,2.766
1989-03-21,b3,no3,167.2
1989-03-21,b3,Ca,3.94
1989-03-21,b3,NH4,NA
1989-05-23,b3,k_mgl,0.7511111111111111
1989-05-23,b3,mg_mgl,2.8066666666666666
1989-05-23,b3,no3,92.22222222222223
1989-05-23,b3,Ca,3.7533333333333334
1989-05-23,b3,NH4,NA
1989-07-25,b3,k_mgl,0.878
1989-07-25,b3,mg_mgl,2.482727272727273
1989-07-25,b3,no3,155.875
1989-07-25,b3,Ca,3.4336363636363636
1989-07-25,b3,NH4,NA
1989-09-26,b3,k_mgl,1.4461538461538461
1989-09-26,b3,mg_mgl,3.3375
1989-09-26,b3,no3,431.6666666666667
1989-09-26,b3,Ca,3.7225
1989-09-26,b3,NH4,NA
1989-11-28,b3,k_mgl,1.276
1989-11-28,b3,mg_mgl,3.567
1989-11-28,b3,no3,198.11111111111111
1989-11-28,b3,Ca,5.156
1989-11-28,b3,NH4,NA
1990-01-30,b3,k_mgl,1.43
1990-01-30,b3,mg_mgl,3.393
1990-01-30,b3,no3,381.77777777777777
1990-01-30,b3,Ca,4.8229999999999995
1990-01-30,b3,NH4,NA
1990-04-03,b3,k_mgl,1.342
1990-04-03,b3,mg_mgl,2.7399999999999998
1990-04-03,b3,no3,340.57142857142856
1990-04-03,b3,Ca,3.763333333333333
1990-04-03,b3,NH4,NA
1990-06-05,b3,k_mgl,1.167
1990-06-05,b3,mg_mgl,3.436
1990-06-05,b3,no3,222.77777777777777
1990-06-05,b3,Ca,4.733
1990-06-05,b3,NH4,NA
1990-08-07,b3,k_mgl,0.999
1990-08-07,b3,mg_mgl,3.442
1990-08-07,b3,no3,145.9
1990-08-07,b3,Ca,5.516
1990-08-07,b3,NH4,NA
1990-10-09,b3,k_mgl,0.9236363636363636
1990-10-09,b3,mg_mgl,2.9854545454545454
1990-10-09,b3,no3,151
1990-10-09,b3,Ca,5.09909090909091
1990-10-09,b3,NH4,NA
1990-12-11,b3,k_mgl,0.9418181818181819
1990-12-11,b3,mg_mgl,3.590909090909091
1990-12-11,b3,no3,166.88888888888889
1990-12-11,b3,Ca,4.745454545454545
1990-12-11,b3,NH4,NA
1991-02-12,b3,k_mgl,0.79
1991-02-12,b3,mg_mgl,3.772
1991-02-12,b3,no3,146.3
1991-02-12,b3,Ca,4.788
1991-02-12,b3,NH4,NA
1991-04-16,b3,k_mgl,0.893
1991-04-16,b3,mg_mgl,3.27
1991-04-16,b3,no3,67.75
1991-04-16,b3,Ca,4.284
1991-04-16,b3,NH4,NA
1991-06-18,b3,k_mgl,0.8588888888888889
1991-06-18,b3,mg_mgl,3.612
1991-06-18,b3,no3,106.88888888888889
1991-06-18,b3,Ca,4.589
1991-06-18,b3,NH4,NA
1991-08-20,b3,k_mgl,1.027
1991-08-20,b3,mg_mgl,3.2463636363636366
1991-08-20,b3,no3,119.45454545454545
1991-08-20,b3,Ca,4.597272727272728
1991-08-20,b3,NH4,NA
1991-10-22,b3,k_mgl,0.8776923076923077
1991-10-22,b3,mg_mgl,2.813846153846154
1991-10-22,b3,no3,167
1991-10-22,b3,Ca,3.8207692307692307
1991-10-22,b3,NH4,NA
1991-12-24,b3,k_mgl,1.017
1991-12-24,b3,mg_mgl,3.188
1991-12-24,b3,no3,194.9
1991-12-24,b3,Ca,5.037
1991-12-24,b3,NH4,NA
1992-02-25,b3,k_mgl,1.104
1992-02-25,b3,mg_mgl,3.352
1992-02-25,b3,no3,116.33333333333334
1992-02-25,b3,Ca,6.17
1992-02-25,b3,NH4,NA
1992-04-28,b3,k_mgl,0.938
1992-04-28,b3,mg_mgl,2.807
1992-04-28,b3,no3,105.77777777777777
1992-04-28,b3,Ca,4.163
1992-04-28,b3,NH4,NA
1992-06-30,b3,k_mgl,1.103
1992-06-30,b3,mg_mgl,2.9979999999999998
1992-06-30,b3,no3,41.4
1992-06-30,b3,Ca,4.46
1992-06-30,b3,NH4,NA
1992-09-01,b3,k_mgl,0.895
1992-09-01,b3,mg_mgl,3.221
1992-09-01,b3,no3,62.300000000000004
1992-09-01,b3,Ca,4.831
1992-09-01,b3,NH4,NA
1992-11-03,b3,k_mgl,1.067
1992-11-03,b3,mg_mgl,3.218
1992-11-03,b3,no3,40.28571428571429
1992-11-03,b3,Ca,4.487
1992-11-03,b3,NH4,NA
1993-01-05,b3,k_mgl,0.797
1993-01-05,b3,mg_mgl,3.068
1993-01-05,b3,no3,110
1993-01-05,b3,Ca,4.1049999999999995
1993-01-05,b3,NH4,NA
1993-03-09,b3,k_mgl,0.825
1993-03-09,b3,mg_mgl,3.489
1993-03-09,b3,no3,129.125
1993-03-09,b3,Ca,4.344
1993-03-09,b3,NH4,NA
1993-05-11,b3,k_mgl,0.8355555555555555
1993-05-11,b3,mg_mgl,3.0533333333333332
1993-05-11,b3,no3,59
1993-05-11,b3,Ca,4.318888888888889
1993-05-11,b3,NH4,NA
1993-07-13,b3,k_mgl,0.86
1993-07-13,b3,mg_mgl,3.063
1993-07-13,b3,no3,102.83333333333334
1993-07-13,b3,Ca,4.764
1993-07-13,b3,NH4,NA
1993-09-14,b3,k_mgl,0.801
1993-09-14,b3,mg_mgl,3.0011111111111113
1993-09-14,b3,no3,43.66666666666667
1993-09-14,b3,Ca,4.447
1993-09-14,b3,NH4,NA
1993-11-16,b3,k_mgl,0.892
1993-11-16,b3,mg_mgl,2.644
1993-11-16,b3,no3,32.333333333333336
1993-11-16,b3,Ca,4.232
1993-11-16,b3,NH4,NA
1994-01-18,b3,k_mgl,0.834
1994-01-18,b3,mg_mgl,3.043
1994-01-18,b3,no3,11
1994-01-18,b3,Ca,4.492
1994-01-18,b3,NH4,NA
1994-03-22,b3,k_mgl,0.857
1994-03-22,b3,mg_mgl,3.385
1994-03-22,b3,no3,46.222222222222214
1994-03-22,b3,Ca,5.078
1994-03-22,b3,NH4,NA
1994-05-24,b3,k_mgl,0.8936363636363637
1994-05-24,b3,mg_mgl,3.6463636363636365
1994-05-24,b3,no3,52.111111111111114
1994-05-24,b3,Ca,5.262727272727273
1994-05-24,b3,NH4,NA
1994-07-26,b3,k_mgl,0.842
1994-07-26,b3,mg_mgl,3.5229999999999997
1994-07-26,b3,no3,NA
1994-07-26,b3,Ca,5.016
1994-07-26,b3,NH4,NA
1994-09-27,b3,k_mgl,0.845
1994-09-27,b3,mg_mgl,3.126
1994-09-27,b3,no3,NA
1994-09-27,b3,Ca,4.503
1994-09-27,b3,NH4,NA
1994-11-29,b3,k_mgl,NA
1994-11-29,b3,mg_mgl,NA
1994-11-29,b3,no3,NA
1994-11-29,b3,Ca,NA
1994-11-29,b3,NH4,NA
1988-01-05,rmp,k_mgl,NA
1988-01-05,rmp,mg_mgl,NA
1988-01-05,rmp,no3,NA
1988-01-05,rmp,Ca,NA
1988-01-05,rmp,NH4,NA
1988-03-08,rmp,k_mgl,NA
1988-03-08,rmp,mg_mgl,NA
1988-03-08,rmp,no3,NA
1988-03-08,rmp,Ca,NA
1988-03-08,rmp,NH4,NA
1988-05-10,rmp,k_mgl,NA
1988-05-10,rmp,mg_mgl,NA
1988-05-10,rmp,no3,NA
1988-05-10,rmp,Ca,NA
1988-05-10,rmp,NH4,NA
1988-07-12,rmp,k_mgl,NA
1988-07-12,rmp,mg_mgl,NA
1988-07-12,rmp,no3,NA
1988-07-12,rmp,Ca,NA
1988-07-12,rmp,NH4,NA
1988-09-13,rmp,k_mgl,NA
1988-09-13,rmp,mg_mgl,NA
1988-09-13,rmp,no3,NA
1988-09-13,rmp,Ca,NA
1988-09-13,rmp,NH4,NA
1988-11-15,rmp,k_mgl,NA
1988-11-15,rmp,mg_mgl,NA
1988-11-15,rmp,no3,NA
1988-11-15,rmp,Ca,NA
1988-11-15,rmp,NH4,NA
1989-01-17,rmp,k_mgl,NA
1989-01-17,rmp,mg_mgl,NA
1989-01-17,rmp,no3,NA
1989-01-17,rmp,Ca,NA
1989-01-17,rmp,NH4,NA
1989-03-21,rmp,k_mgl,0.745
1989-03-21,rmp,mg_mgl,2.165
1989-03-21,rmp,no3,69
1989-03-21,rmp,Ca,6.66
1989-03-21,rmp,NH4,NA
1989-05-23,rmp,k_mgl,0.675
1989-05-23,rmp,mg_mgl,1.965
1989-05-23,rmp,no3,58.285714285714285
1989-05-23,rmp,Ca,6.525
1989-05-23,rmp,NH4,NA
1989-07-25,rmp,k_mgl,0.6614285714285714
1989-07-25,rmp,mg_mgl,1.5783333333333334
1989-07-25,rmp,no3,73.71428571428571
1989-07-25,rmp,Ca,6.252857142857143
1989-07-25,rmp,NH4,NA
1989-09-26,rmp,k_mgl,1.16
1989-09-26,rmp,mg_mgl,2.236666666666667
1989-09-26,rmp,no3,250.14285714285714
1989-09-26,rmp,Ca,7.4350000000000005
1989-09-26,rmp,NH4,NA
1989-11-28,rmp,k_mgl,0.908
1989-11-28,rmp,mg_mgl,2.4733333333333336
1989-11-28,rmp,no3,117
1989-11-28,rmp,Ca,9.166666666666666
1989-11-28,rmp,NH4,NA
1990-01-30,rmp,k_mgl,1.07
1990-01-30,rmp,mg_mgl,2.059
1990-01-30,rmp,no3,231.8
1990-01-30,rmp,Ca,8.306666666666667
1990-01-30,rmp,NH4,NA
1990-04-03,rmp,k_mgl,0.996
1990-04-03,rmp,mg_mgl,2.19
1990-04-03,rmp,no3,138.3
1990-04-03,rmp,Ca,9.428
1990-04-03,rmp,NH4,NA
1990-06-05,rmp,k_mgl,0.9259999999999999
1990-06-05,rmp,mg_mgl,2.108
1990-06-05,rmp,no3,168.2
1990-06-05,rmp,Ca,8.815999999999999
1990-06-05,rmp,NH4,NA
1990-08-07,rmp,k_mgl,0.845
1990-08-07,rmp,mg_mgl,2.09
1990-08-07,rmp,no3,127.9
1990-08-07,rmp,Ca,9.309
1990-08-07,rmp,NH4,NA
1990-10-09,rmp,k_mgl,0.749
1990-10-09,rmp,mg_mgl,1.842
1990-10-09,rmp,no3,136.22222222222223
1990-10-09,rmp,Ca,7.2010000000000005
1990-10-09,rmp,NH4,NA
1990-12-11,rmp,k_mgl,0.658
1990-12-11,rmp,mg_mgl,2.256
1990-12-11,rmp,no3,130.55555555555554
1990-12-11,rmp,Ca,7.821
1990-12-11,rmp,NH4,NA
1991-02-12,rmp,k_mgl,0.9022222222222223
1991-02-12,rmp,mg_mgl,1.9011111111111112
1991-02-12,rmp,no3,96
1991-02-12,rmp,Ca,7.14625
1991-02-12,rmp,NH4,NA
1991-04-16,rmp,k_mgl,0.7733333333333333
1991-04-16,rmp,mg_mgl,0.8314285714285714
1991-04-16,rmp,no3,55
1991-04-16,rmp,Ca,4.7
1991-04-16,rmp,NH4,NA
1991-06-18,rmp,k_mgl,0.7666666666666667
1991-06-18,rmp,mg_mgl,2.0722222222222224
1991-06-18,rmp,no3,57.125
1991-06-18,rmp,Ca,6.807777777777777
1991-06-18,rmp,NH4,NA
1991-08-20,rmp,k_mgl,0.8310000000000001
1991-08-20,rmp,mg_mgl,2.459
1991-08-20,rmp,no3,105.77777777777777
1991-08-20,rmp,Ca,8.723
1991-08-20,rmp,NH4,NA
1991-10-22,rmp,k_mgl,0.6577777777777778
1991-10-22,rmp,mg_mgl,1.8233333333333335
1991-10-22,rmp,no3,105.6
1991-10-22,rmp,Ca,6.1033333333333335
1991-10-22,rmp,NH4,NA
1991-12-24,rmp,k_mgl,0.8488888888888889
1991-12-24,rmp,mg_mgl,2.161111111111111
1991-12-24,rmp,no3,124.66666666666667
1991-12-24,rmp,Ca,10.015555555555556
1991-12-24,rmp,NH4,NA
1992-02-25,rmp,k_mgl,0.9380000000000001
1992-02-25,rmp,mg_mgl,2.73
1992-02-25,rmp,no3,101.44444444444444
1992-02-25,rmp,Ca,9.424444444444445
1992-02-25,rmp,NH4,NA
1992-04-28,rmp,k_mgl,0.839
1992-04-28,rmp,mg_mgl,1.84
1992-04-28,rmp,no3,51.77777777777778
1992-04-28,rmp,Ca,7.415
1992-04-28,rmp,NH4,NA
1992-06-30,rmp,k_mgl,0.826
1992-06-30,rmp,mg_mgl,2.256
1992-06-30,rmp,no3,46.1
1992-06-30,rmp,Ca,8.812
1992-06-30,rmp,NH4,NA
1992-09-01,rmp,k_mgl,0.864
1992-09-01,rmp,mg_mgl,2.372
1992-09-01,rmp,no3,47.1
1992-09-01,rmp,Ca,9.770999999999999
1992-09-01,rmp,NH4,NA
1992-11-03,rmp,k_mgl,0.6355555555555555
1992-11-03,rmp,mg_mgl,1.6311111111111112
1992-11-03,rmp,no3,35.166666666666664
1992-11-03,rmp,Ca,6.644444444444444
1992-11-03,rmp,NH4,NA
1993-01-05,rmp,k_mgl,0.741
1993-01-05,rmp,mg_mgl,2.015
1993-01-05,rmp,no3,77
1993-01-05,rmp,Ca,7.931
1993-01-05,rmp,NH4,NA
1993-03-09,rmp,k_mgl,0.836
1993-03-09,rmp,mg_mgl,2.227
1993-03-09,rmp,no3,74.7
1993-03-09,rmp,Ca,8.704
1993-03-09,rmp,NH4,NA
1993-05-11,rmp,k_mgl,0.791
1993-05-11,rmp,mg_mgl,2.034
1993-05-11,rmp,no3,55.33333333333333
1993-05-11,rmp,Ca,8.209999999999999
1993-05-11,rmp,NH4,NA
1993-07-13,rmp,k_mgl,0.8188888888888889
1993-07-13,rmp,mg_mgl,2.037777777777778
1993-07-13,rmp,no3,51.8
1993-07-13,rmp,Ca,8.69111111111111
1993-07-13,rmp,NH4,NA
1993-09-14,rmp,k_mgl,0.723
1993-09-14,rmp,mg_mgl,1.943
1993-09-14,rmp,no3,40.3
1993-09-14,rmp,Ca,7.75
1993-09-14,rmp,NH4,NA
1993-11-16,rmp,k_mgl,0.594
1993-11-16,rmp,mg_mgl,1.472
1993-11-16,rmp,no3,33.2
1993-11-16,rmp,Ca,6.657777777777778
1993-11-16,rmp,NH4,NA
1994-01-18,rmp,k_mgl,0.654
1994-01-18,rmp,mg_mgl,1.95
1994-01-18,rmp,no3,7
1994-01-18,rmp,Ca,8.328
1994-01-18,rmp,NH4,NA
1994-03-22,rmp,k_mgl,0.765
1994-03-22,rmp,mg_mgl,2.135
1994-03-22,rmp,no3,18.5
1994-03-22,rmp,Ca,9.361
1994-03-22,rmp,NH4,NA
1994-05-24,rmp,k_mgl,0.855
1994-05-24,rmp,mg_mgl,2.362
1994-05-24,rmp,no3,24.75
1994-05-24,rmp,Ca,9.255
1994-05-24,rmp,NH4,NA
1994-07-26,rmp,k_mgl,0.887
1994-07-26,rmp,mg_mgl,2.3890000000000002
1994-07-26,rmp,no3,179
1994-07-26,rmp,Ca,9.345
1994-07-26,rmp,NH4,NA
1994-09-27,rmp,k_mgl,0.777
1994-09-27,rmp,mg_mgl,1.966
1994-09-27,rmp,no3,80
1994-09-27,rmp,Ca,8.755
1994-09-27,rmp,NH4,NA
1994-11-29,rmp,k_mgl,NA
1994-11-29,rmp,mg_mgl,NA
1994-11-29,rmp,no3,NA
1994-11-29,rmp,Ca,NA
1994-11-29,rmp,NH4,NA
